2015-12-06T12:21:40Z,Ayesha Curry
2015-12-06T12:21:40Z,#YouCanDoItLiam
2015-12-06T12:21:40Z,#LosDeChavezAVotar
2015-12-06T12:21:40Z,#6DCambiemosVzla
2015-12-06T12:21:40Z,#WetMusic
2015-12-06T12:21:40Z,#YouAintNoMuslimBruv
2015-12-06T12:21:40Z,Jim Ross
2015-12-06T12:21:40Z,Good Sunday
2015-12-06T12:21:40Z,Aden
2015-12-06T12:21:40Z,Ysabel
2015-12-06T12:21:40Z,Happy Hanukkah
2015-12-06T12:21:40Z,Ashton and Bryana
2015-12-06T12:21:40Z,Morgan Freeman
2015-12-06T12:21:40Z,Todos a Votar
2015-12-06T12:21:40Z,Archie Griffin
2015-12-06T12:21:40Z,Snapchat - SelfieSnaps
2015-12-06T12:21:40Z,Nelena
2015-12-06T12:21:40Z,St. John Bosco
2015-12-06T12:21:40Z,Santa Monica Pier
2015-12-06T12:21:40Z,Crazy Throwback
2015-12-06T12:21:40Z,Hysteria About Refugees
2015-12-06T12:21:40Z,Matt Logan
2015-12-06T12:21:40Z,Purity Ring
2015-12-06T12:21:40Z,Clemson
2015-12-06T12:21:40Z,Bama
2015-12-06T12:21:40Z,#ZaynsStill1DAF
2015-12-06T12:21:40Z,#ThingsIShouldntAdmit
2015-12-06T12:21:40Z,#wcs2015
2015-12-06T12:21:40Z,#IdRatherBe
2015-12-06T12:21:40Z,#USWNT
2015-12-06T12:21:40Z,#FelizDomingo
2015-12-06T12:21:40Z,#PreMoney
2015-12-06T12:21:40Z,#LindaStasiHotTakes
2015-12-06T12:21:40Z,#REenergise
2015-12-06T12:21:40Z,#OnePiece
2015-12-06T12:21:40Z,#SoInspired
2015-12-06T12:21:40Z,#njwtl
2015-12-06T12:21:40Z,#Parlamentarias2015
2015-12-06T12:21:40Z,#IoTWF
2015-12-06T12:21:40Z,#sunchat
2015-12-06T12:21:40Z,#BoycottDollarGeneral
2015-12-06T12:21:40Z,#IndvsSA
2015-12-06T12:21:40Z,#LaDeLaManitoRumba
2015-12-06T12:21:40Z,#PTXinSF
2015-12-06T12:21:40Z,#HackDisrupt
2015-12-06T12:21:40Z,#AIGOutNow
2015-12-06T12:21:40Z,#SECChampionship
2015-12-06T12:21:40Z,#MSUvsIOWA
2015-12-06T12:21:40Z,#UNCvsCLEM
2015-12-06T12:21:40Z,#PlaystationExperience
2015-12-06T13:16:49Z,Ayesha Curry
2015-12-06T13:16:49Z,#YouAintNoMuslimBruv
2015-12-06T13:16:49Z,#6DCambiemosVzla
2015-12-06T13:16:49Z,#WetMusic
2015-12-06T13:16:49Z,#YouCanDoItLiam
2015-12-06T13:16:49Z,#LosDeChavezAVotar
2015-12-06T13:16:49Z,Good Sunday
2015-12-06T13:16:49Z,Happy Hanukkah
2015-12-06T13:16:49Z,Jim Ross
2015-12-06T13:16:49Z,Aden
2015-12-06T13:16:49Z,Go Bills
2015-12-06T13:16:49Z,Ashton and Bryana
2015-12-06T13:16:49Z,Actor Morgan Freeman
2015-12-06T13:16:49Z,Snapchat - SelfieSnaps
2015-12-06T13:16:49Z,Dear Obama
2015-12-06T13:16:49Z,Many of Them Ominous
2015-12-06T13:16:49Z,Justin and Selena
2015-12-06T13:16:49Z,St. Nicholas
2015-12-06T13:16:49Z,Santa Monica Pier
2015-12-06T13:16:49Z,Homegrown Terror
2015-12-06T13:16:49Z,Storm Desmond
2015-12-06T13:16:49Z,Palestinian Authority
2015-12-06T13:16:49Z,Clemson
2015-12-06T13:16:49Z,#InappropriateChanukahGifts
2015-12-06T13:16:49Z,#ZaynsStill1DAF
2015-12-06T13:16:49Z,#USWNT
2015-12-06T13:16:49Z,#Parlamentarias2015
2015-12-06T13:16:49Z,#ThingsIShouldntAdmit
2015-12-06T13:16:49Z,#PreMoney
2015-12-06T13:16:49Z,#IdRatherBe
2015-12-06T13:16:49Z,#wcs2015
2015-12-06T13:16:49Z,#EleccionesVIVOplay
2015-12-06T13:16:49Z,#ShakespeareSunday
2015-12-06T13:16:49Z,#sunchat
2015-12-06T13:16:49Z,#Guachiman6D
2015-12-06T13:16:49Z,#LindaStasiHotTakes
2015-12-06T13:16:49Z,#SoInspired
2015-12-06T13:16:49Z,#IndvsSA
2015-12-06T13:16:49Z,#Toonami
2015-12-06T13:16:49Z,#CINvsCLE
2015-12-06T13:16:49Z,#HKIR
2015-12-06T13:16:49Z,#promocave
2015-12-06T13:16:49Z,#ThinkBIGSundayWithMarsha
2015-12-06T13:16:49Z,#njwtl
2015-12-06T13:16:49Z,#BoycottDollarGeneral
2015-12-06T13:16:49Z,#6Dic
2015-12-06T13:16:49Z,#HackDisrupt
2015-12-06T13:16:49Z,#LaDeLaManitoRumba
2015-12-06T13:16:49Z,#SECChampionship
2015-12-06T13:16:49Z,#MSUvsIOWA
2015-12-06T14:12:18Z,Ayesha Curry
2015-12-06T14:12:18Z,#YouAintNoMuslimBruv
2015-12-06T14:12:18Z,#6DCambiemosVzla
2015-12-06T14:12:18Z,#InappropriateChanukahGifts
2015-12-06T14:12:18Z,Happy Hanukkah
2015-12-06T14:12:18Z,#hacklearning
2015-12-06T14:12:18Z,#LosDeChavezAVotar
2015-12-06T14:12:18Z,Good Sunday
2015-12-06T14:12:18Z,Vamos Venezuela
2015-12-06T14:12:18Z,Jim Ross
2015-12-06T14:12:18Z,B-52
2015-12-06T14:12:18Z,Aden
2015-12-06T14:12:18Z,St. Nicholas
2015-12-06T14:12:18Z,Fiscal General
2015-12-06T14:12:18Z,Let Math Save Our Democracy
2015-12-06T14:12:18Z,Dear Obama
2015-12-06T14:12:18Z,Victory Tour
2015-12-06T14:12:18Z,13th Amendment
2015-12-06T14:12:18Z,Go Bills
2015-12-06T14:12:18Z,Justin and Selena
2015-12-06T14:12:18Z,Jerry Falwell Jr.
2015-12-06T14:12:18Z,#YouCanDoItLiam
2015-12-06T14:12:18Z,#RnRSA
2015-12-06T14:12:18Z,#sunchat
2015-12-06T14:12:18Z,#WetMusic
2015-12-06T14:12:18Z,#ZaynsStill1DAF
2015-12-06T14:12:18Z,#USWNT
2015-12-06T14:12:18Z,#spiritchat
2015-12-06T14:12:18Z,#HorseAroundWithAFilmOrSong
2015-12-06T14:12:18Z,#Parlamentarias2015
2015-12-06T14:12:18Z,#Reporte6D
2015-12-06T14:12:18Z,#PoliticsNation
2015-12-06T14:12:18Z,#FelizDomingo
2015-12-06T14:12:18Z,#JingleAllTheWay5k
2015-12-06T14:12:18Z,#wcs2015
2015-12-06T14:12:18Z,#thisweek
2015-12-06T14:12:18Z,#ThingsIShouldntAdmit
2015-12-06T14:12:18Z,#PreMoney
2015-12-06T14:12:18Z,#ThinkBIGSundayWithMarsha
2015-12-06T14:12:18Z,#NYJvsNYG
2015-12-06T14:12:18Z,#IBYE
2015-12-06T14:12:18Z,#IndigenousRising
2015-12-06T14:12:18Z,#EleccionesVIVOplay
2015-12-06T14:12:18Z,#CNNSOTU
2015-12-06T14:12:18Z,#IoTWF2015
2015-12-06T14:12:18Z,#SundaySupper
2015-12-06T14:12:18Z,#HOUvsBUF
2015-12-06T14:12:18Z,#MorganFreeman
2015-12-06T14:12:18Z,#JetUp
2015-12-06T14:12:18Z,#CINvsCLE